id,model,intro,effect,negotiation,feedback,conclusion,total,comment
28,gpt-4o,9,28,27,18,8,90,"Your essay provides a strong discussion on the importance of teamwork, integrating personal experiences effectively, particularly in the sections on effective communication and negotiation. The introduction clearly outlines the scope of the essay, though slightly more detail could strengthen its engagement. The section on negotiation and conflict resolution is well-handled, but additional examples could enhance understanding. Feedback insights are well-articulated, though could benefit from more specific future applications. The conclusion nicely summarizes key points but could reflect more deeply on the significance of interpersonal dynamics. Overall, great effort!"
12,gpt-4o,9,28,27,18,8,90,"Your essay provides a well-rounded discussion of interpersonal dynamics within professional environments. The introduction effectively sets the stage for your essay, although it could further draw the reader in with a more engaging hook. Your section on effective communication is robust, with strong personal anecdotes and research backing your points. The negotiation and conflict resolution section is thorough; however, more personal examples might enrich the narrative. Feedback Insights are detailed and offer practical guidelines for improvement. The conclusion successfully sums up key insights but would benefit from deeper reflection. Continue to refine your narrative clarity in future essays."
24,gpt-4o,9,28,27,18,8,90,"Your essay starts with an engaging introduction that effectively outlines the importance of interpersonal dynamics, aligning well with the criteria. Effective communication is well-discussed with solid examples and research references. The negotiation section is strong, supported by relevant case studies, though it could benefit from more personal examples. Feedback insights are well-presented, though expanding on how feedback personally impacted your growth would enrich this section. The conclusion neatly ties the essay's themes together but could slightly deepen the reflection on personal learning. Overall, it's a well-written essay with great depth. Keep pushing for more personal reflection where possible to enhance your narrative."
1,gpt-4o,9,28,27,18,8,90,"Your essay provides a comprehensive overview of interpersonal dynamics, with strong insights and personal experiences, especially in communication and negotiation. The introduction clearly outlines the topic's significance, though it could engage the reader a bit more creatively. Your discussion of negotiation and conflict resolution is well-supported, but could include more varied examples. Feedback insights are strong, with good personal reflections. The conclusion summarizes key points adequately, yet it could benefit from a slightly stronger link to the broader professional impact. Overall, great workâ€”just a few areas for refinement."
25,gpt-4o,9,28,27,18,8,90,"Your essay effectively outlines the significance of interpersonal dynamics and provides a well-rounded analysis of communication, negotiation, and feedback. The introduction is clear and engaging, setting a solid foundation for your discussion. Effective communication is well-supported with personal anecdotes and case studies. The negotiation and conflict resolution section could benefit from more detailed explanations of why certain principles were successful. Your insights into feedback are strong, addressing both personal growth and future changes. The conclusion succinctly summarizes key points but could be more reflective. Overall, a thorough essay with room for deeper reflection in parts."
13,gpt-4o,9,28,27,18,8,90,"Your essay provides a compelling introduction and effectively explores the importance of communication in team dynamics. The personal anecdotes and case studies enrich your points well. However, consider including more examples of ineffective communication to provide balance. Your analysis of competition in negotiation is insightful and challenges the given perspective, though elaborating on potential downsides could strengthen it. The conclusion nicely ties back to your experiences and lessons learned. Overall, a well-written essay with clear personal connections."
29,gpt-4o,9,28,27,18,8,90,"Your essay provides a well-rounded exploration of interpersonal dynamics with strong use of personal experiences and relevant case studies. The introduction is engaging and clearly sets the essay's scope. In the section on effective communication, your use of a personal anecdote strengthens your argument. However, you might consider deeper analysis on both examples presented. Your negotiation section effectively employs external research, but further explanation of how these principles have personally helped you would enhance its effectiveness. The feedback section is insightful but could include more specific examples of how feedback has guided your development. Your conclusion does well in summarizing key insights, although a bit more reflection on why these dynamics are crucial in modern settings might provide a stronger end. Overall, a strong essay with minor areas for deeper exploration and personal reflection."
22,gpt-4o,9,28,27,18,8,90,"Your essay effectively explores the significance of interpersonal dynamics within team settings, drawing on personal experiences and relevant examples. The introduction is engaging and sets a clear purpose. In the section on Effective Communication, you provide valuable personal anecdotes and methods, though the analysis could be slightly deeper to earn a Check Plus. The Negotiation and Conflict Resolution section is strong, but adding more diverse examples could enhance it further. The Feedback Insights are well delivered, demonstrating personal growth, though expanding on guidelines for future improvement would be beneficial. The conclusion summarizes your insights well, but a deeper reflection on the overarching importance would strengthen it even more. Overall, a well-written essay with clear reflections and practical examples. Keep pushing your analysis to deepen further insights."
6,gpt-4o,9,28,27,18,8,90,"Your essay effectively outlines the complexities of working in teams. The use of personal anecdotes, like your experience with the negotiation example during your internship, enriches your arguments. The introduction is clear and engaging. You could enhance the essay by providing more examples of ineffective communication methods. The conclusion could better emphasize the overarching importance of these skills for success. Overall, a strong and insightful essay."
18,gpt-4o,9,28,27,18,8,90,"Your essay effectively outlines the importance of interpersonal dynamics like communication, conflict resolution, and feedback. The introduction sets a clear stage for the discussion, and your examples add depth to your insights. Try to ensure a bit more variety and depth in your negotiation strategies. Also, in the feedback section, while you provided personal reflection, consider more concrete guidelines for giving or receiving feedback. Overall, strong work!"
14,gpt-4o,9,28,27,18,8,90,"Your essay provides a comprehensive analysis of interpersonal dynamics, well-aligned with the PARC framework. The introduction is clear and outlines the essay's purpose effectively. In discussing effective communication, you provided insightful personal anecdotes and research, though a bit more detail in describing ineffective methods would strengthen this section. Your handling of negotiation and conflict resolution effectively incorporates personal experiences and strategies, though you might expand on how principles led to specific successful resolutions. The feedback insights are well explored, but deeper reflection on how each feedback piece influenced your growth could enhance the narrative. The conclusion ties the essay together well but could be more reflective concerning overarching professional success. Keep honing your reflective practices to deepen future insights."
15,gpt-4o,9,28,27,18,8,90,"Your essay provides a well-structured introduction and effectively discusses communication and conflict resolution strategies with relevant examples. The integration of personal insights strengthens your arguments, especially in connecting theory with practice. One area for improvement is the conclusion, which could benefit from more comprehensive reflection on the overarching importance of interpersonal dynamics. Furthermore, consider diversifying your examples to show how the principles have personally helped you in negotiations."
19,gpt-4o,9,28,27,18,8,90,"Your essay provides a comprehensive examination of interpersonal dynamics, effectively introducing the topic and maintaining focus throughout. The examples from Yahoo, NVIDIA, and various case studies create strong connections to real-world scenarios, enhancing credibility. Communication and feedback sections are well-structured, though the feedback section could benefit from more personal insights. The conclusion neatly ties the key points together but could reflect more deeply on personal application. Overall, great work with room for deepening personal reflection on feedback."
7,gpt-4o,9,28,27,18,8,90,"Your essay offers a strong introduction by clearly outlining the significance of interpersonal dynamics with insightful examples. The section on communication is well-connected with effective methods, though it could benefit from more personal anecdotes. In negotiation and conflict resolution, your use of examples is effective but discussing more principles could enhance it. The feedback insights are solid, providing future guidelines, but more personal reflection would strengthen your argument. The conclusion ties back to your key insights, though it could emphasize reflection more deeply. Overall, a well-articulated essay with room for deeper personal engagement."
4,gpt-4o,9,28,27,18,8,90,"Your essay does an excellent job of covering the importance of interpersonal dynamics in professional environments. The introduction is clear and well-defined, providing a solid foundation for your discussion. Your use of personal anecdotes and expert references in the sections on effective communication and conflict resolution adds depth and brings credibility to your arguments. However, consider integrating more examples to strengthen the effective communication section. Your insights into feedback are thorough and insightful, connecting personal growth to professional development well. In the conclusion, a bit more reflection on the implications of mastering these dynamics might enhance your closing remarks. Overall, a very well-articulated essay."
20,gpt-4o,9,28,27,18,8,90,"Your essay is well-structured and covers important aspects of interpersonal communication and conflict resolution. The introduction effectively sets the stage for your discussion. The section on effective communication provides valuable personal insights, though it could benefit from more diverse examples. In the negotiation section, your examples are relevant, but ensuring a clearer connection to personal experiences could enhance it further. Feedback insights are well articulated and show reflection on personal growth. The conclusion summarizes the key points effectively but could reflect more deeply on broader implications. Continue to integrate more varied examples and focus on connecting principles with personal experiences."
16,gpt-4o,9,28,27,18,8,90,"Great work on exploring the critical elements of interpersonal dynamics. The introduction effectively sets the stage for your discussion. Effective communication and negotiation sections are rich with examples and strategies. However, for 'Negotiation and Conflict Resolution,' providing more personal examples could enhance the depth of understanding. The conclusion is strong but could benefit from more reflection on how mastering these skills can impact future success. Overall, a comprehensive and insightful essay."
9,gpt-4o,9,28,27,18,8,90,"Your essay provides a comprehensive examination of interpersonal dynamics and their importance in collaborative environments. The introduction is engaging and well-structured, effectively setting the stage for the discussion. Your section on effective communication excellently integrates personal anecdotes, demonstrating real-world application. The negotiation and conflict resolution section is well-researched, but could benefit from more personal reflection on how these principles have helped you, similar to your other sections. Your insights on feedback are strong, but integrating more specific examples would strengthen your argument even further. The conclusion effectively summarizes your key points, but consider expanding on the reflection to emphasize the broader impact of mastering interpersonal dynamics. Overall, a well-constructed essay with room for deeper personal reflection and specificity in feedback insights."
17,gpt-4o,9,28,27,18,8,90,"Overall, your essay is strong and comprehensive, with an engaging introduction and effective communication examples. The personal anecdotes provided depth and clarity, especially regarding communication styles and feedback. However, consider adding more varied negotiation strategies or principles to enhance that section. Additionally, the conclusion could more robustly tie back to the overarching themes discussed. Keep up the great work!"
21,gpt-4o,9,28,27,18,8,90,"Your essay effectively explores the significance of communication, negotiation, and feedback in workplace dynamics. The introduction is engaging, setting a strong tone. The section on Effective Communication is well-structured with pertinent examples from your experiences. In Negotiation and Conflict Resolution, you clearly illustrate strategies with a solid case study, although a bit more depth in analyzing outcomes could enhance it. The Feedback Insights section is insightful but slightly lacks personal reflection to reach a Check Plus. Your conclusion ties things together, but reiterating a few insights could make it more compelling. Keep refining your personal anecdotes for added impact."
5,gpt-4o,9,28,27,18,8,90,"Your essay effectively outlines the importance of interpersonal dynamics with a strong introduction and thoughtful exploration of communication and conflict resolution. The use of personal experiences from improv adds depth to your points. Slight improvements could be made in negotiation and feedback sections by connecting more personal anecdotes to the strategies discussed. Overall, a well-structured and insightful piece."
10,gpt-4o,9,28,27,18,8,90,"Your essay provides a comprehensive exploration of interpersonal dynamics in professional settings, with a strong introduction and well-developed sections on communication and negotiation. The use of real-world examples and frameworks shows a deep understanding of the subject. However, while your conclusion effectively summarizes key insights, it could benefit from a clearer emphasis on the broader implications of mastering interpersonal dynamics. Strengthening this aspect will enhance the overall impact of your essay. Keep up the good work!"
2,gpt-4o,9,28,27,18,8,90,"Your essay provides a strong introduction with engaging questions about human evolution and the significance of teamwork. The section on effective communication is well-researched and includes personal anecdotes. The negotiation section effectively uses examples and reflects on judgment and empathy. However, the feedback insights could be more detailed, with additional personal strategies on how you've applied past lessons. The conclusion is comprehensive but could further emphasize your personal learning journey. Overall, your essay is insightful and well-structured."
26,gpt-4o,9,28,27,18,8,90,"Your essay provides a well-rounded exploration of interpersonal dynamics, using relevant examples and citations that support your arguments. The introduction is engaging, and you clearly outline the significance within professional environments. Effective communication and negotiation strategies are well-discussed, with apt references and personal anecdotes. However, the feedback section could benefit from additional concrete personal experiences. The conclusion effectively summarizes your key insights but could more explicitly reflect on their broader implications. Nice work overall!"
30,gpt-4o,9,28,27,18,8,90,"Your essay provides a clear and engaging introduction, effectively outlining the significance of interpersonal dynamics. The section on effective communication is well-connected, using a strong personal anecdote, but could be expanded with additional methods and examples. Negotiation and conflict resolution are well discussed, though a deeper dive into personal implications could enhance this section. The feedback insights are thorough and demonstrate reflection, yet more specific future applications would strengthen your argument. The conclusion is concise, summarizing key points, but more detailed reflection on their overarching importance would give it more depth. Overall, your essay is well-structured and insightful."
27,gpt-4o,9,28,27,18,8,90,"Your essay effectively outlines the importance of interpersonal dynamics with clear examples, like the study card negotiation and the prison cell conflict. The discussion on feedback highlights its significance in growth, though examples could be more varied. The introduction and conclusion provide solid context and summaries, but they could expand on the implications for professional settings. Focus on elaborating how these skills apply across different scenarios to further enhance the impact."
3,gpt-4o,9,28,27,18,8,90,"Your essay provides a strong, engaging introduction and effectively outlines the significance of interpersonal dynamics. The section on effective communication is well-connected with personal experiences, though a more diverse exploration of communication methods could enhance it further. In terms of negotiation and conflict resolution, you have successfully illustrated these with personal examples, though a more detailed explanation of how these principles aid in negotiation can add depth. The feedback insights are solid but could include more personal reflection on changes for future improvement. Your conclusion effectively summarizes key insights, but additional reflection on their overarching importance would strengthen it. Overall, a well-rounded essay with room for deeper analysis in certain sections."
11,gpt-4o,9,28,27,18,8,90,"Your essay is well-structured and covers significant aspects of interpersonal dynamics effectively. The introduction is clear and sets the stage well for the discussion. You provided valuable personal anecdotes, particularly your experiences with team roles and setting norms, which enriched the communication section. The conflict resolution and feedback sections are insightful, though expanding on specific feedback examples could enhance understanding. The conclusion effectively tied together the major themes, but could benefit from a bit more depth on future implications. Overall, a strong and engaging essay. Keep up the excellent work!"
