id,company,model,prompt,temperature,intro,effect,negotiation,feedback,conclusion,total,comment
28,openai,gpt-4o,9,28,27,18,8,90,"Your essay provides a comprehensive exploration of teamwork challenges and strategies. The introduction clearly outlines the essay's focus, while effective communication is well discussed with personal experience enhancing your points. The section on negotiation and conflict resolution offers solid examples. For feedback insights, you mention its role well, though could deepen your personal reflection slightly. The conclusion succinctly wraps up key themes. In future essays, consider providing additional personal insights in the feedback section to strengthen the impact. Overall, a strong effort!"
12,openai,gpt-4o,9,28,30,18,8,93,"Your essay provides a comprehensive exploration of interpersonal dynamics in professional settings. The introduction is well-crafted and sets a clear scope. Your section on effective communication is strong, with clear strategies and personal reflections. The negotiation section is well-supported with examples and effectively explains principles. Feedback insights are insightful but could be more specific in how you plan to implement future changes. The conclusion is solid but could benefit from a deeper reflection on key insights. Well done overall, just a little more depth in certain reflections would enhance the essay further."
24,openai,gpt-4o,9,28,27,18,8,90,"Your essay provides a compelling and well-structured discussion on the importance of interpersonal dynamics. The introduction effectively sets the stage with a relatable scenario. In the Effective Communication section, you use relevant examples to support your argument, though it could benefit from a more personal anecdote to strengthen connection. The Negotiation and Conflict Resolution segment is robust, with multiple strategies discussed, though an additional personal perspective might enhance authenticity. Feedback Insights is solid, highlighting practical implications, but could include more on personal growth. The conclusion neatly ties together your points, yet could further emphasize overarching significance. Consider these areas for improvement to elevate your writing."
1,openai,gpt-4o,9,28,27,18,8,90,"The essay presents a well-structured argument about the significance of interpersonal dynamics in professional settings. The introduction clearly outlines the topic and sets the stage for further discussion. Effective communication is well addressed with personal anecdotes enhancing the narrative. The section on negotiation is insightful, employing case studies to illustrate key points. Feedback insights are robust but could delve deeper into specific guidelines for improvement. The conclusion succinctly summarizes the essay's key points, though a more detailed reflection on their importance could strengthen it. Consider providing more specific examples in all sections to solidify arguments."
25,openai,gpt-4o,9,28,27,18,8,90,"Your essay effectively outlines the significance of interpersonal dynamics and communicates ideas clearly, supported by relevant examples. I appreciate the detail in your personal experiences and connections to class content. For improvement, consider providing more varied examples or deeper analysis, particularly in the 'Negotiation and Conflict Resolution' section. The conclusion could also be strengthened by summarizing key insights more explicitly. Overall, it's a well-written essay with room for slight enhancement in analysis depth and conclusion strength."
13,openai,gpt-4o,9,28,27,18,8,90,"Your essay is well-structured, with a strong introduction that effectively sets the stage. The section on effective communication is insightful, drawing from personal experiences and case studies. However, it could benefit from more detailed examples. The discussion on negotiation and conflict resolution is robust, though challenging Cote's perspective could be expanded with additional evidence. The feedback insights are well articulated, yet could include more specific guidelines for giving and receiving feedback. Your conclusion effectively summarizes the main points but could more explicitly connect back to your introduction. Overall, a strong essay with areas to refine for depth and clarity."
29,openai,gpt-4o,9,28,27,18,8,90,"Overall, your essay is thorough and well-structured, effectively covering key elements of interpersonal dynamics. The introduction is engaging and effectively sets the stage for the discussion. In 'Effective Communication,' you use a compelling personal anecdote which is well-connected to the theme. However, mentioning another ineffective communication method could strengthen this section. Your negotiation and conflict resolution section includes important strategies but could benefit from a more varied range of examples. The feedback insights are insightful but could be enhanced by including more specific examples of growth. The conclusion provides a strong summary, though it could more deeply explore the significance of interpersonal relationship building. Great effort overall; your insights on teamwork dynamics are clear and valuable."
22,openai,gpt-4o,9,28,27,18,8,90,"You've crafted an engaging introduction that clearly outlines the essay's purpose. Your discussion of effective communication is well-developed, with insightful personal anecdotes. The section on negotiation and conflict resolution is strong and benefits from the real-world example of OpenAI; however, more clarity on how the principles have directly benefited your experiences would strengthen this part. Your insights on feedback are well-articulated with personal reflection, but could be enhanced with more specific guidelines for future use. Lastly, a more detailed reflection could enhance the conclusion. Overall, this is a well-written essay with clear, personal insights. Keep pushing your reflections further for even deeper analysis."
6,openai,gpt-4o,10,28,30,18,8,94,"Your essay provides an engaging and insightful introduction, clearly outlining the complexities of team dynamics. The section on effective communication is thorough, incorporating relevant anecdotes and research; however, further examples could enhance its depth. You excel in discussing negotiation and conflict resolution, particularly with personal insights and a strong case study. Feedback insights are well-developed, though expanding on personal growth could strengthen this section. Overall, a well-structured conclusion highlights key points effectively. Well done!"
18,openai,gpt-4o,9,28,27,18,8,90,"Your essay offers a comprehensive exploration of the dynamics of teamwork with strong personal anecdotes. The introduction clearly sets the stage, though it could be slightly more engaging to fully capture the reader's attention. Effective communication is well-discussed, with clear examples, but could delve deeper into ineffective methods. Your negotiation section is strong but might benefit from a bit more personal reflection on lessons learned. Feedback insights are thorough, though the guidelines for future application could be expanded. The conclusion is reflective but could be more succinct in summarizing key insights. Overall, a well-articulated essay with room to enhance engagement and depth in certain areas."
14,openai,gpt-4o,9,28,27,18,8,90,"Your essay presents a comprehensive overview of the PARC framework and its impact on interpersonal dynamics, supported by personal insights and relevant examples. The introduction clearly outlines your purpose, setting the stage effectively. Your sections on communication and negotiation include strong personal anecdotes and thoughtful analysis, fulfilling the criteria well. While your feedback insights are robust, consider including more specific future applications for even deeper engagement. The conclusion nicely ties together your key points but could slightly benefit from a more explicit reflection on their overarching importance. Overall, this is a well-constructed and informative essay."
15,openai,gpt-4o,9,28,27,18,8,90,"Your essay effectively outlines the significance of interpersonal dynamics and provides a well-structured analysis of communication, negotiation, and feedback. The introduction sets a solid tone by clearly outlining the essay's purpose. Your personal insights add depth, particularly in communication strategies. The negotiation section is strong, though more personal examples could enhance your argument. The feedback insights are thoughtful but could include more specific personal impact instances. Lastly, your conclusion summarizes key points well but could further emphasize overarching insights. Overall, a very strong essay with room for deeper personal reflection."
19,openai,gpt-4o,9,28,27,18,8,90,"Your essay provides a comprehensive exploration of interpersonal dynamics, with a strong introduction and examples that effectively illustrate your points. Effective Communication is well-discussed with personal anecdotes and research; ensuring clarity boosted your score. The sections on negotiation and feedback are detailed, showing your understanding and application of these concepts. To improve, consider integrating more personal reflections in the conclusion to enhance its depth. Overall, excellent work!"
7,openai,gpt-4o,9,28,27,18,8,90,"Your essay demonstrates a strong understanding of interpersonal dynamics in professional settings, with well-supported examples and insightful analysis. The introduction effectively sets up the significance of the topic. While your discussion on effective communication and negotiation strategies is well articulated, consider integrating a stronger personal anecdote to enhance relatability. Your feedback insights are compelling, but could benefit from a clearer explanation of personal growth experiences. Overall, an excellent piece with room for more personal reflection to elevate certain sections further."
4,openai,gpt-4o,9,28,27,18,8,90,"Your essay provides a solid exploration of interpersonal dynamics with clear sections on communication, negotiation, and feedback. The introduction effectively sets the stage, and the inclusion of personal anecdotes and expert insights strengthens your arguments. The communication section is well-developed, with good examples and research, but could benefit from deeper analysis. The negotiation section covers various strategies thoroughly and includes practical examples, yet could use more explicit connections between theory and practice. Feedback insights are strong, highlighting personal growth effectively. The conclusion ties the essay together but could offer more detailed reflections. Overall, a well-organized and insightful essay. Consider deepening some analyses and making clearer connections between theory and application for even greater impact."
20,openai,gpt-4o,9,28,27,18,8,90,"Your essay effectively outlines key strategies for working in team settings, with a strong emphasis on communication and negotiation. The introduction is clear and sets the stage well. In the communication section, your use of examples helps convey the importance of effective strategies. In negotiation and conflict resolution, you demonstrate a good grasp of principles, though a bit more personal insight could strengthen your argument. Feedback insights are well-explored but could benefit from more specific future actions. The conclusion summarizes well but could reflect more on overarching themes. Overall, great work with room for slight enhancement."
16,openai,gpt-4o,9,28,27,18,8,90,"This essay effectively explores the significance of interpersonal dynamics in professional environments, with a strong introduction and solid discussion of effective communication strategies. The inclusion of personal anecdotes and examples enhances the narrative. The section on negotiation and conflict resolution is comprehensive, though could benefit from a more detailed explanation of how these principles have been personally successful for you. Feedback insights are well-discussed, but ensure to highlight more on how feedback has affected your growth. The conclusion succinctly summarizes the main points. Overall, a detailed and thoughtful analysis."
9,openai,gpt-4o,9,28,27,18,8,90,"Your essay provides a comprehensive discussion on interpersonal dynamics and collaboration. The introduction clearly outlines the significance of the topic. Effective Communication is well supported by personal anecdotes, enhancing the narrative. In Negotiation and Conflict Resolution, your use of the Harvard Business Review example effectively illustrates the principles discussed, but consider adding more personal reflections. Feedback Insights are thorough, though further exploration on specific changes the feedback prompted could be beneficial. The conclusion effectively summarizes the key insights, encouraging better integration of personal and communal interests. Overall, your essay is articulate and well-structured, yet some deeper personal insights could elevate the narrative further."
17,openai,gpt-4o,9,28,27,18,8,90,"Your essay provides a solid exploration of interpersonal dynamics with a strong introduction and detailed insights into effective communication and conflict resolution. The personal anecdotes add depth and relevance, especially in discussing communication styles. To improve, consider providing more specific examples or research to support your findings, particularly in the conflict resolution section. Additionally, the conclusion could be more reflective to encapsulate the insights shared in the essay."
21,openai,gpt-4o,9,28,27,18,8,90,"Your essay effectively outlines the importance of interpersonal dynamics in the workplace, particularly through communication, negotiation, and feedback. The introduction is engaging and sets a strong foundation. Your personal anecdotes, like your role on the GoodWalk product team, enhance the discussion on communication. However, in the negotiation section, consider expanding with more varied examples. The feedback mechanisms are well-explored, though additional guidance on giving and receiving feedback could strengthen this section. The conclusion ties the essay nicely but could better incorporate specific insights discussed in earlier sections. Overall, a solid and insightful piece."
5,openai,gpt-4o,9,28,27,18,8,90,"Your essay provides a comprehensive overview of interpersonal dynamics in professional environments. The introduction effectively outlines the significance and scope, making it engaging. You clearly discuss effective communication with personal anecdotes and research, which enrich the content. The section on negotiation and conflict resolution is well-detailed, drawing from both theory and practice. Your insights into feedback are strong, though expanding on specific personal experiences could deepen the analysis. The conclusion summarizes key points but could further reflect on the broader implications of mastering these dynamics. Overall, excellent work with room for minor enhancements in reflective depth."
10,openai,gpt-4o,9,28,27,18,8,90,"Your essay demonstrates a strong grasp of the importance of interpersonal dynamics in professional settings. You effectively outline the significance of communication, negotiation, and feedback. The examples and structure are clear and well-organized, though adding more specific personal anecdotes could enhance your points further, particularly in the negotiation section. To improve, consider adding more depth in the conclusion to fully encapsulate your insights and their broader implications."
2,openai,gpt-4o,9,28,27,18,8,90,"Your essay provides a strong analysis of teamwork elements with well-supported examples. The introduction is engaging and sets the stage well for the discussion. Effective communication and negotiation insights are well-articulated, drawing on personal experiences that enhance your arguments. The feedback section effectively highlights its importance; however, it could benefit from more specific examples or guidelines on offering feedback. The conclusion is solid, but reinforcing the main insights with a more reflective statement could strengthen its impact. Overall, excellent work with room for small improvements."
26,openai,gpt-4o,9,28,27,18,8,90,"Your essay presents a comprehensive analysis of interpersonal dynamics, rooted in real-world examples. However, the introduction, while engaging, could benefit from more detail about the essay's specific scope. In 'Negotiation and Conflict Resolution,' consider expanding on personal examples. The 'Feedback Insights' section effectively covers the role of feedback, but I'm curious about more personal growth stories. Overall, a solid essay that can be improved with more specificity and personal anecdotes. Great work!"
30,openai,gpt-4o,9,28,27,18,8,90,"Your essay successfully covers the significance of interpersonal dynamics and includes relevant personal anecdotes. The introduction is engaging, clearly outlining the purpose and scope. Although the exploration of effective communication is well-developed with personal examples and strategies, expanding on one ineffective communication method could enhance your analysis. The discussion of negotiation and conflict resolution is strong, backed by both personal experiences and research insights. Feedback insights provide a thorough understanding with a personal touch. However, consider providing more detailed guidelines on giving and receiving feedback for further improvement. The conclusion effectively summarizes your insights but could benefit from a deeper reflection on mastering interpersonal dynamics. Overall, a well-organized and insightful essay."
27,openai,gpt-4o,9,28,27,18,8,90,"Your essay provides a compelling argument for the importance of interpersonal skills in professional environments. The introduction clearly outlines the purpose and scope, and the section on effective communication is well-supported with personal examples. Your discussion of negotiation and conflict resolution offers insightful personal anecdotes and well-reasoned explanations. Feedback Insights could benefit from further elaboration on how feedback has impacted your personal development. The conclusion succinctly summarizes the key points but could expand on the overarching importance mentioned earlier. Overall, a strong essay with room for minor improvements in depth and reflection."
3,openai,gpt-4o,9,28,27,18,8,90,"Your essay provides a strong discussion with clear personal examples and well-selected research references. The introduction effectively outlines your approach to the topic. For negotiation and conflict resolution, you've highlighted key principles with insightful examples. However, the flow in certain sections could be more cohesive. Work on clarifying your outline to better connect your ideas across sections. Overall, the essay demonstrates a solid understanding of the subject."
11,openai,gpt-4o,9,28,27,18,8,90,"Your essay provides a comprehensive exploration of interpersonal dynamics. The introduction effectively sets the scene, but could be more engaging. Excellent use of personal anecdotes and references supports your points on communication and conflict resolution. Consider adding more varied examples in the feedback section for deeper insights. Your conclusion captures key themes but could reflect more deeply on the implications of interpersonal dynamics in broader contexts. Overall, a well-structured essay with room for further depth and engagement."
